symbol,entry_time,atr_pct,hybrid_pct,size,diff_usd
NEARUSDT,2026-10-05 23:55:00,-0.812,-0.8122402720060308,40.0,0.0
QNTUSDT,2026-10-03 07:05:00,-2.624,-2.62432503870407,40.0,0.0
WLDUSDT,2026-10-03 10:00:00,3.726,3.7263910158244054,40.0,0.0
MOVRUSDT,2026-10-03 18:05:00,-5.49,-5.490196078431377,40.0,0.0
PUMPUSDT,2026-10-03 16:30:00,6.202,4.894401609118333,40.0,-0.5229634596044246
SANDUSDT,2026-10-03 00:50:00,8.665,8.664731494920177,40.0,0.0
ZROUSDT,2026-10-03 08:55:00,9.813,8.320000000000007,40.0,-0.5973333333333336
GTCUSDT,2026-10-04 10:00:00,-5.732,-5.732285914287927,40.0,0.0
MEGAUSDT,2026-10-03 15:05:00,1.834,1.8339171646404326,40.0,0.0
NIGHTUSDT,2026-10-03 00:50:00,-3.726,-3.7257537929709956,40.0,0.0
MARSCOINUSDT,2026-10-04 05:15:00,-3.007,-3.0068728522336796,40.0,0.0
SCRUSDT,2026-10-04 16:35:00,5.57,8.605455243949285,40.0,1.213983864771416
牛来USDT,2026-10-07 02:20:00,-5.023,-5.022601707684585,40.0,0.0
MANAUSDT,2026-10-03 05:10:00,-5.599,-5.599300087489067,40.0,0.0
GALAUSDT,2026-10-03 05:05:00,-3.067,-3.067257945306732,40.0,0.0
AXSUSDT,2026-10-04 00:05:00,9.186,10.07252215954875,40.0,0.3545527800161203
NOMUSDT,2026-10-04 06:00:00,-2.933,-2.9332304129679705,40.0,0.0
MUBARAKUSDT,2026-10-04 14:00:00,-2.995,1.7864338482202793,40.0,1.9126930826057722
SUPERUSDT,2026-10-03 11:35:00,1.352,2.4719969100038472,40.0,0.44804943993819357
SYNUSDT,2026-10-03 04:50:00,-0.568,-0.5680921571721622,40.0,0.0
ICPUSDT,2026-10-04 04:50:00,-1.176,-1.176470588235295,40.0,0.0
ETHFIUSDT,2026-10-06 12:05:00,-1.938,-1.9383374528424642,40.0,0.0
MAGICUSDT,2026-10-04 13:15:00,-3.246,-3.2457496136012223,40.0,0.0
ARKUSDT,2026-10-03 12:20:00,7.495,7.494553376906314,40.0,0.0
RAYUSDT,2026-10-06 16:05:00,-2.102,-2.1016227720138185,40.0,0.0
RESOLVUSDT,2026-10-03 04:15:00,-3.959,-3.9585296889726695,40.0,0.0
SNXXBUSDT,2026-10-07 13:45:00,8.843,7.9122340425532,100.0,-0.9308510638297917
SAGAUSDT,2026-10-03 23:05:00,-3.273,-3.2731850608476685,40.0,0.0
STRKUSDT,2026-10-03 15:15:00,9.527,9.526840653511567,100.0,0.0
ONEUSDT,2026-10-03 07:55:00,19.966,19.96587030716722,40.0,0.0
RENDERUSDT,2026-10-05 20:35:00,-2.195,-2.1946564885496307,40.0,0.0
ARUSDT,2026-10-03 08:10:00,7.214,3.9371870732817484,40.0,-1.3108784706417853
STXUSDT,2026-10-07 03:35:00,1.445,1.4445007602635536,40.0,0.0
RUNEUSDT,2026-10-04 08:15:00,1.144,1.1435832274459985,40.0,0.0
TRBUSDT,2026-10-06 17:35:00,-2.73,-2.729636048526859,40.0,0.0
GLMRUSDT,2026-10-03 09:35:00,16.487,2.0595922634605253,40.0,-5.7710402509147976
PHAUSDT,2026-10-04 05:15:00,-0.523,1.8300653594771221,40.0,0.9411764705882332
币安人生USDT,2026-10-06 09:45:00,-1.024,-1.0236852669610585,40.0,0.0
AUDIOUSDT,2026-10-03 12:05:00,-3.911,-1.061452513966476,40.0,1.1396648044692739
CHIPUSDT,2026-10-06 06:35:00,-2.757,-2.756619513964455,40.0,0.0
GIGGLEUSDT,2026-10-04 12:30:00,-1.895,-1.8948964123294596,40.0,0.0
BATUSDT,2026-10-04 11:20:00,0.659,0.6591337099811604,40.0,0.0
NMRUSDT,2026-10-04 11:20:00,-2.414,-2.413515687851963,40.0,0.0
FLOKIUSDT,2026-10-04 21:25:00,-0.545,-0.544588155207619,40.0,0.0
YGGUSDT,2026-10-06 00:00:00,-2.423,-2.4226110363391604,40.0,0.0
VTHOUSDT,2026-10-06 00:05:00,3.636,2.797202797202789,40.0,-0.33566433566433784
METUSDT,2026-10-06 16:25:00,-0.06,-0.05997001499251378,40.0,0.0
NILUSDT,2026-10-05 01:50:00,4.017,2.9997945346209227,40.0,-0.40682145058557834
MRVLBUSDT,2026-10-06 13:30:00,0.007,0.0069934960486683715,100.0,0.0
TOWNSUSDT,2026-10-04 09:40:00,-5.479,-5.4794520547945185,40.0,0.0
JTOUSDT,2026-10-03 15:30:00,2.556,2.4132999642474,40.0,-0.05720414730068093
PORTALUSDT,2026-10-04 20:10:00,7.536,7.535753575357533,40.0,0.0
HEMIUSDT,2026-10-07 07:00:00,-2.815,-2.814569536423841,40.0,0.0
