symbol,entry_time,exit_time,entry,exit,pnl_pct,pnl_usdt,reason,duration_min,actual_size,actual_pnl_usdt
NIGHTUSDT,2026-10-03 00:50:00,2026-10-03 01:20:00,0.05207,0.05013,-3.726,-1.863,Hard Stop,30.0,40.0,-1.4904000000000002
RESOLVUSDT,2026-10-03 04:15:00,2026-10-03 04:25:00,0.02122,0.02038,-3.959,-1.979,Hard Stop,10.0,40.0,-1.5836000000000001
MANAUSDT,2026-10-03 05:10:00,2026-10-03 05:30:00,0.1143,0.1079,-5.599,-2.8,Hard Stop,20.0,40.0,-2.2396000000000003
GALAUSDT,2026-10-03 05:05:00,2026-10-03 06:15:00,0.002706,0.002623,-3.067,-1.534,Hard Stop,70.0,40.0,-1.2268000000000001
SANDUSDT,2026-10-03 00:50:00,2026-10-03 08:05:00,0.0689,0.07487,8.665,4.332,ATR Trail,435.0,40.0,3.4659999999999997
SYNUSDT,2026-10-03 04:50:00,2026-10-03 08:50:00,0.19011,0.18903,-0.568,-0.284,Time Exit,240.0,40.0,-0.22719999999999996
ONEUSDT,2026-10-03 07:55:00,2026-10-03 09:20:00,0.002344,0.002812,19.966,9.983,ATR Trail,85.0,40.0,7.9864
GLMRUSDT,2026-10-03 09:35:00,2026-10-03 09:55:00,0.009565,0.009762,2.06,1.03,Ladder,20.0,40.0,0.8240000000000001
QNTUSDT,2026-10-03 07:05:00,2026-10-03 10:00:00,264.83,257.88,-2.624,-1.312,Hard Stop,175.0,40.0,-1.0495999999999999
AUDIOUSDT,2026-10-03 12:05:00,2026-10-03 12:20:00,0.0179,0.01771,-1.061,-0.531,Ladder,15.0,40.0,-0.4244
ARKUSDT,2026-10-03 12:20:00,2026-10-03 12:40:00,0.2295,0.2467,7.495,3.747,ATR Trail,20.0,40.0,2.998
ARUSDT,2026-10-03 08:10:00,2026-10-03 13:45:00,4.394,4.567,3.937,1.969,Ladder,335.0,40.0,1.5747999999999998
WLDUSDT,2026-10-03 10:00:00,2026-10-03 14:00:00,0.5877,0.6096,3.726,1.863,Time Exit,240.0,40.0,1.4904000000000002
SUPERUSDT,2026-10-03 11:35:00,2026-10-03 15:10:00,0.2589,0.2653,2.472,1.236,Ladder,215.0,40.0,0.9887999999999999
JTOUSDT,2026-10-03 15:30:00,2026-10-03 17:40:00,0.5594,0.5729,2.413,1.207,Ladder,130.0,40.0,0.9652
STRKUSDT,2026-10-03 15:15:00,2026-10-03 18:30:00,0.04713,0.05162,9.527,4.763,ATR Trail,195.0,100.0,9.527
MEGAUSDT,2026-10-03 15:05:00,2026-10-03 19:05:00,0.04853,0.04942,1.834,0.917,Time Exit,240.0,40.0,0.7336
ZROUSDT,2026-10-03 08:55:00,2026-10-03 20:25:00,1.875,2.031,8.32,4.16,ATR Trail,690.0,40.0,3.328
MOVRUSDT,2026-10-03 18:05:00,2026-10-03 21:10:00,2.04,1.928,-5.49,-2.745,Hard Stop,185.0,40.0,-2.196
SAGAUSDT,2026-10-03 23:05:00,2026-10-04 00:00:00,0.02383,0.02305,-3.273,-1.637,Hard Stop,55.0,40.0,-1.3092000000000001
AXSUSDT,2026-10-04 00:05:00,2026-10-04 04:35:00,1.241,1.366,10.073,5.036,ATR Trail,270.0,40.0,4.0292
MARSCOINUSDT,2026-10-04 05:15:00,2026-10-04 05:40:00,0.1164,0.1129,-3.007,-1.503,Hard Stop,25.0,40.0,-1.2027999999999999
PHAUSDT,2026-10-04 05:15:00,2026-10-04 05:40:00,0.0765,0.0779,1.83,0.915,Ladder,25.0,40.0,0.732
NOMUSDT,2026-10-04 06:00:00,2026-10-04 06:25:00,0.002591,0.002515,-2.933,-1.467,Hard Stop,25.0,40.0,-1.1732
ICPUSDT,2026-10-04 04:50:00,2026-10-04 08:05:00,3.4,3.36,-1.176,-0.588,Hard Stop,195.0,40.0,-0.4704
TOWNSUSDT,2026-10-04 09:40:00,2026-10-04 09:45:00,0.002555,0.002415,-5.479,-2.74,Hard Stop,5.0,40.0,-2.1915999999999998
PUMPUSDT,2026-10-03 16:30:00,2026-10-04 11:35:00,0.005966,0.006258,4.894,2.447,Ladder,1145.0,40.0,1.9576000000000002
GTCUSDT,2026-10-04 10:00:00,2026-10-04 12:00:00,0.12857,0.1212,-5.732,-2.866,Hard Stop,120.0,40.0,-2.2928
NMRUSDT,2026-10-04 11:20:00,2026-10-04 12:05:00,12.43,12.13,-2.414,-1.207,Hard Stop,45.0,40.0,-0.9656
RUNEUSDT,2026-10-04 08:15:00,2026-10-04 12:15:00,0.787,0.796,1.144,0.572,Time Exit,240.0,40.0,0.45759999999999995
GIGGLEUSDT,2026-10-04 12:30:00,2026-10-04 12:35:00,39.58,38.83,-1.895,-0.947,Hard Stop,5.0,40.0,-0.758
MAGICUSDT,2026-10-04 13:15:00,2026-10-04 14:15:00,0.0647,0.0626,-3.246,-1.623,Hard Stop,60.0,40.0,-1.2984
BATUSDT,2026-10-04 11:20:00,2026-10-04 15:20:00,0.1062,0.1069,0.659,0.33,Time Exit,240.0,40.0,0.2636
MUBARAKUSDT,2026-10-04 14:00:00,2026-10-04 16:40:00,0.07445,0.07578,1.786,0.893,Ladder,160.0,40.0,0.7144
SCRUSDT,2026-10-04 16:35:00,2026-10-04 21:15:00,0.02603,0.02827,8.605,4.303,ATR Trail,280.0,40.0,3.442
PORTALUSDT,2026-10-04 20:10:00,2026-10-04 22:00:00,0.01818,0.01955,7.536,3.768,ATR Trail,110.0,40.0,3.0143999999999997
FLOKIUSDT,2026-10-04 21:25:00,2026-10-05 01:25:00,2.938e-05,2.922e-05,-0.545,-0.272,Time Exit,240.0,40.0,-0.218
NILUSDT,2026-10-05 01:50:00,2026-10-05 02:10:00,0.09734,0.10026,3.0,1.5,Ladder,20.0,40.0,1.2
RENDERUSDT,2026-10-05 20:35:00,2026-10-06 00:25:00,2.096,2.05,-2.195,-1.097,Hard Stop,230.0,40.0,-0.8779999999999999
YGGUSDT,2026-10-06 00:00:00,2026-10-06 00:25:00,0.02972,0.029,-2.423,-1.211,Hard Stop,25.0,40.0,-0.9692000000000001
VTHOUSDT,2026-10-06 00:05:00,2026-10-06 00:40:00,0.000715,0.000735,2.797,1.399,Ladder,35.0,40.0,1.1188
NEARUSDT,2026-10-05 23:55:00,2026-10-06 03:55:00,5.294,5.251,-0.812,-0.406,Time Exit,240.0,40.0,-0.32480000000000003
CHIPUSDT,2026-10-06 06:35:00,2026-10-06 07:15:00,0.05514,0.05362,-2.757,-1.378,Hard Stop,40.0,40.0,-1.1028
币安人生USDT,2026-10-06 09:45:00,2026-10-06 13:45:00,0.4982,0.4931,-1.024,-0.512,Time Exit,240.0,40.0,-0.4096
ETHFIUSDT,2026-10-06 12:05:00,2026-10-06 16:00:00,0.7687,0.7538,-1.938,-0.969,Hard Stop,235.0,40.0,-0.7751999999999999
MRVLBUSDT,2026-10-06 13:30:00,2026-10-06 17:30:00,285.98,286.0,0.007,0.003,Time Exit,240.0,100.0,0.007000000000000001
RAYUSDT,2026-10-06 16:05:00,2026-10-06 17:40:00,2.2554,2.208,-2.102,-1.051,Hard Stop,95.0,40.0,-0.8407999999999999
METUSDT,2026-10-06 16:25:00,2026-10-06 20:25:00,0.3335,0.3333,-0.06,-0.03,Time Exit,240.0,40.0,-0.023999999999999997
TRBUSDT,2026-10-06 17:35:00,2026-10-06 21:35:00,23.08,22.45,-2.73,-1.365,Time Exit,240.0,40.0,-1.092
牛来USDT,2026-10-07 02:20:00,2026-10-07 06:05:00,0.07964,0.07564,-5.023,-2.511,Hard Stop,225.0,40.0,-2.0092
STXUSDT,2026-10-07 03:35:00,2026-10-07 07:35:00,0.3946,0.4003,1.445,0.722,Time Exit,240.0,40.0,0.5780000000000001
HEMIUSDT,2026-10-07 07:00:00,2026-10-07 08:20:00,0.00604,0.00587,-2.815,-1.407,Hard Stop,80.0,40.0,-1.126
SNXXBUSDT,2026-10-07 13:45:00,2026-10-07 18:55:00,15.04,16.23,7.912,3.956,End of Data (still open),310.0,100.0,7.912
